date,trades_count,gross_pnl,charges,net_pnl,equity,daily_return_pct
2023-01-20,5,272.1,153.02,119.08,100119.08,0.12
2023-01-23,5,0.0,152.8,-152.8,99966.28,-0.15
2023-01-24,5,271.68,152.85,118.83,100085.11,0.12
2023-01-25,5,-702.45,152.33,-854.78,99230.33,-0.85
2023-01-27,5,-0.0,151.65,-151.65,99078.68,-0.15
2023-01-30,5,-688.12,150.87,-838.99,98239.69,-0.85
2023-01-31,5,0.0,147.98,-147.98,98091.71,-0.15
2023-02-01,5,1781.96,148.96,1633.0,99724.71,1.66
2023-02-02,5,-0.0,150.39,-150.39,99574.32,-0.15
2023-02-03,5,-678.5,150.54,-829.04,98745.28,-0.83
2023-02-06,5,0.0,151.02,-151.02,98594.26,-0.15
2023-02-07,5,0.0,150.44,-150.44,98443.82,-0.15
2023-02-08,5,-689.22,149.75,-838.97,97604.85,-0.85
2023-02-09,5,0.0,148.78,-148.78,97456.07,-0.15
2023-02-10,5,-678.75,148.29,-827.04,96629.03,-0.85
2023-02-13,5,-675.1,146.89,-821.99,95807.04,-0.85
2023-02-14,5,-828.49,145.47,-973.96,94833.08,-1.02
2023-02-15,5,13.77,144.14,-130.37,94702.71,-0.14
2023-02-16,5,0.0,144.26,-144.26,94558.45,-0.15
2023-02-17,5,-72.45,144.51,-216.96,94341.49,-0.23
2023-02-20,5,0.0,144.22,-144.22,94197.27,-0.15
2023-02-21,5,0.0,143.92,-143.92,94053.35,-0.15
2023-02-22,5,0.0,143.8,-143.8,93909.55,-0.15
2023-02-23,5,0.0,143.59,-143.59,93765.96,-0.15
2023-02-24,5,-0.0,142.83,-142.83,93623.13,-0.15
2023-02-27,5,-634.86,142.49,-777.35,92845.78,-0.83
2023-02-28,5,20.89,141.78,-120.89,92724.89,-0.13
2023-03-01,5,0.0,141.63,-141.63,92583.26,-0.15
2023-03-02,5,0.0,141.06,-141.06,92442.2,-0.15
2023-03-03,5,-651.48,140.49,-791.97,91650.23,-0.86
2023-03-06,5,-563.1,139.34,-702.44,90947.79,-0.77
2023-03-08,5,-0.0,138.99,-138.99,90808.8,-0.15
2023-03-09,5,-604.42,137.56,-741.98,90066.82,-0.82
2023-03-10,5,0.0,136.72,-136.72,89930.1,-0.15
2023-03-13,5,0.0,137.2,-137.2,89792.9,-0.15
2023-03-14,5,-626.02,136.22,-762.24,89030.66,-0.85
2023-03-15,5,-646.46,132.36,-778.82,88251.84,-0.87
2023-03-16,5,705.63,135.61,570.02,88821.86,0.65
2023-03-17,5,-480.56,134.46,-615.02,88206.84,-0.69
2023-03-20,5,1441.08,135.22,1305.86,89512.7,1.48
2023-03-21,5,0.0,136.74,-136.74,89375.96,-0.15
2023-03-22,5,0.0,136.68,-136.68,89239.28,-0.15
2023-03-23,5,119.34,135.98,-16.64,89222.64,-0.02
2023-03-24,5,-25.41,136.25,-161.66,89060.98,-0.18
2023-03-27,5,-686.76,134.73,-821.49,88239.49,-0.92
2023-03-28,5,0.0,134.65,-134.65,88104.84,-0.15
2023-03-29,5,0.0,134.69,-134.69,87970.15,-0.15
2023-03-31,5,-540.5,134.08,-674.58,87295.57,-0.77
2023-04-03,5,-1821.92,131.93,-1953.85,85341.72,-2.24
2023-04-05,5,0.0,130.53,-130.53,85211.19,-0.15
2023-04-06,5,0.0,129.96,-129.96,85081.23,-0.15
2023-04-10,5,-0.0,130.09,-130.09,84951.14,-0.15
2023-04-11,5,0.0,129.74,-129.74,84821.4,-0.15
2023-04-12,5,-64.86,128.98,-193.84,84627.56,-0.23
2023-04-13,5,-587.6,128.41,-716.01,83911.55,-0.85
2023-04-17,5,0.0,127.88,-127.88,83783.67,-0.15
2023-04-18,5,-582.34,127.1,-709.44,83074.23,-0.85
2023-04-19,5,0.0,126.79,-126.79,82947.44,-0.15
2023-04-20,5,-574.34,126.1,-700.44,82247.0,-0.84
2023-04-21,5,-717.17,124.44,-841.61,81405.39,-1.02
2023-04-24,5,267.8,122.91,144.89,81550.28,0.18
2023-04-25,5,0.0,124.58,-124.58,81425.7,-0.15
2023-04-26,5,-0.0,124.53,-124.53,81301.17,-0.15
2023-04-27,5,-574.0,123.76,-697.76,80603.41,-0.86
2023-04-28,5,0.0,123.15,-123.15,80480.26,-0.15
2023-05-02,5,0.55,122.94,-122.39,80357.87,-0.15
2023-05-03,5,0.0,122.73,-122.73,80235.14,-0.15
2023-05-04,5,-651.37,121.95,-773.32,79461.82,-0.96
2023-05-05,5,0.0,118.38,-118.38,79343.44,-0.15
2023-05-08,5,71.3,121.34,-50.04,79293.4,-0.06
2023-05-09,5,0.0,120.7,-120.7,79172.7,-0.15
2023-05-10,5,-0.0,121.07,-121.07,79051.63,-0.15
2023-05-11,5,1183.89,121.68,1062.21,80113.84,1.34
2023-05-12,5,0.0,120.85,-120.85,79992.99,-0.15
2023-05-15,5,-0.0,121.27,-121.27,79871.72,-0.15
2023-05-16,5,-47.85,121.67,-169.52,79702.2,-0.21
2023-05-17,5,-558.0,121.29,-679.29,79022.91,-0.85
2023-05-18,5,0.0,120.58,-120.58,78902.33,-0.15
2023-05-19,5,-108.54,120.25,-228.79,78673.54,-0.29
2023-05-22,5,-1089.2,118.46,-1207.66,77465.88,-1.54
2023-05-23,5,101.52,118.51,-16.99,77448.89,-0.02
2023-05-24,5,31.59,118.17,-86.58,77362.31,-0.11
2023-05-25,5,0.0,118.15,-118.15,77244.16,-0.15
2023-05-26,5,-544.38,115.35,-659.73,76584.43,-0.85
2023-05-29,5,0.0,116.87,-116.87,76467.56,-0.15
2023-05-30,5,0.0,116.77,-116.77,76350.79,-0.15
2023-05-31,5,-571.71,115.12,-686.83,75663.96,-0.9
2023-06-01,5,-277.55,115.28,-392.83,75271.13,-0.52
2023-06-02,5,0.0,114.74,-114.74,75156.39,-0.15
2023-06-05,5,129.6,114.85,14.75,75171.14,0.02
2023-06-06,5,0.0,114.81,-114.81,75056.33,-0.15
2023-06-07,5,-1035.13,113.51,-1148.64,73907.69,-1.53
2023-06-08,5,0.0,112.94,-112.94,73794.75,-0.15
2023-06-09,5,-39.96,112.43,-152.39,73642.36,-0.21
2023-06-12,5,-0.0,112.45,-112.45,73529.91,-0.15
2023-06-13,5,84.84,111.94,-27.1,73502.81,-0.04
2023-06-14,5,135.35,112.45,22.9,73525.72,0.03
2023-06-15,5,0.0,112.31,-112.31,73413.41,-0.15
2023-06-16,5,39.3,112.13,-72.83,73340.58,-0.1
2023-06-19,5,0.0,112.12,-112.12,73228.46,-0.15
2023-06-20,5,-510.0,111.18,-621.18,72607.28,-0.85
2023-06-21,5,0.0,110.82,-110.82,72496.46,-0.15
2023-06-22,5,0.0,110.28,-110.28,72386.18,-0.15
2023-06-23,5,-506.29,110.2,-616.49,71769.69,-0.85
2023-06-26,5,-358.28,107.99,-466.27,71303.42,-0.65
2023-06-27,5,0.0,108.59,-108.59,71194.83,-0.15
2023-06-28,5,-501.75,108.46,-610.21,70584.62,-0.86
2023-06-30,5,-10.5,106.45,-116.95,70467.67,-0.17
2023-07-03,5,-99.84,107.33,-207.17,70260.5,-0.29
2023-07-04,5,-492.83,106.95,-599.78,69660.72,-0.85
2023-07-05,5,-485.64,105.79,-591.43,69069.29,-0.85
2023-07-06,5,0.0,105.43,-105.43,68963.86,-0.15
2023-07-07,5,84.0,103.82,-19.82,68944.04,-0.03
2023-07-10,5,0.0,105.34,-105.34,68838.7,-0.15
2023-07-11,5,0.0,102.49,-102.49,68736.21,-0.15
2023-07-12,5,-343.14,103.98,-447.12,68289.09,-0.65
2023-07-13,5,-487.74,103.86,-591.6,67697.49,-0.87
2023-07-14,5,87.6,102.6,-15.0,67682.49,-0.02
2023-07-17,5,-86.61,103.2,-189.81,67492.68,-0.28
2023-07-18,5,0.0,103.13,-103.13,67389.55,-0.15
2023-07-19,5,0.0,100.82,-100.82,67288.73,-0.15
2023-07-20,5,-335.91,102.54,-438.45,66850.28,-0.65
2023-07-21,5,0.0,101.84,-101.84,66748.44,-0.15
2023-07-24,5,-57.96,101.81,-159.77,66588.67,-0.24
2023-07-25,5,-0.0,101.73,-101.73,66486.94,-0.15
2023-07-26,5,-0.0,99.72,-99.72,66387.22,-0.15
2023-07-27,5,-86.75,100.54,-187.29,66199.92,-0.28
2023-07-28,5,22.74,100.67,-77.93,66122.0,-0.12
2023-07-31,5,-461.07,98.77,-559.84,65562.16,-0.85
2023-08-01,5,0.0,100.09,-100.09,65462.07,-0.15
2023-08-02,5,0.0,99.02,-99.02,65363.05,-0.15
2023-08-03,5,-447.86,97.32,-545.18,64817.87,-0.83
2023-08-04,5,-425.2,97.32,-522.52,64295.35,-0.81
2023-08-07,5,-73.44,96.98,-170.42,64124.92,-0.27
2023-08-08,5,-451.32,96.99,-548.31,63576.61,-0.86
2023-08-09,5,0.0,95.19,-95.19,63481.42,-0.15
2023-08-10,5,0.0,97.03,-97.03,63384.39,-0.15
2023-08-11,5,-9.84,95.45,-105.29,63279.11,-0.17
2023-08-14,5,137.7,96.85,40.85,63319.96,0.06
2023-08-16,5,-45.36,95.01,-140.37,63179.59,-0.22
2023-08-17,5,0.0,94.83,-94.83,63084.76,-0.15
2023-08-18,5,0.0,91.36,-91.36,62993.4,-0.14
2023-08-21,5,0.0,94.85,-94.85,62898.55,-0.15
2023-08-22,5,-51.75,95.95,-147.7,62750.85,-0.23
2023-08-23,5,0.0,95.69,-95.69,62655.16,-0.15
2023-08-24,5,560.71,95.84,464.87,63120.03,0.74
2023-08-25,5,-88.2,94.55,-182.75,62937.28,-0.29
2023-08-28,5,-0.0,95.93,-95.93,62841.34,-0.15
2023-08-29,5,-438.0,92.56,-530.56,62310.78,-0.84
2023-08-30,5,0.0,94.81,-94.81,62215.97,-0.15
2023-08-31,5,0.0,94.35,-94.35,62121.62,-0.15
2023-09-01,5,-429.6,93.99,-523.59,61598.03,-0.84
2023-09-04,5,164.6,94.34,70.26,61668.29,0.11
2023-09-05,5,0.0,94.25,-94.25,61574.04,-0.15
2023-09-06,5,0.0,93.85,-93.85,61480.19,-0.15
2023-09-07,5,0.0,93.65,-93.65,61386.54,-0.15
2023-09-08,5,0.0,93.41,-93.41,61293.13,-0.15
2023-09-11,5,0.0,93.7,-93.7,61199.43,-0.15
2023-09-12,5,-418.88,92.25,-511.13,60688.3,-0.84
2023-09-13,5,-420.24,92.19,-512.43,60175.87,-0.84
2023-09-14,5,22.2,91.97,-69.77,60106.1,-0.12
2023-09-15,5,0.0,91.76,-91.76,60014.34,-0.15
2023-09-18,5,0.0,91.77,-91.77,59922.57,-0.15
2023-09-20,5,-299.14,91.18,-390.32,59532.25,-0.65
2023-09-21,5,-452.84,89.99,-542.83,58989.42,-0.91
2023-09-22,5,0.0,89.72,-89.72,58899.7,-0.15
2023-09-25,5,0.0,89.91,-89.91,58809.79,-0.15
2023-09-26,5,0.0,89.91,-89.91,58719.88,-0.15
2023-09-27,5,21.42,89.68,-68.26,58651.63,-0.12
2023-09-28,5,235.95,89.72,146.23,58797.86,0.25
2023-09-29,5,-83.07,89.23,-172.3,58625.56,-0.29
2023-10-03,5,-0.0,89.34,-89.34,58536.22,-0.15
2023-10-04,5,25.32,89.54,-64.22,58472.0,-0.11
2023-10-05,5,0.0,89.15,-89.15,58382.85,-0.15
2023-10-06,5,0.0,88.82,-88.82,58294.03,-0.15
2023-10-09,5,-0.0,86.89,-86.89,58207.14,-0.15
2023-10-10,5,0.0,88.92,-88.92,58118.22,-0.15
2023-10-11,5,0.0,87.78,-87.78,58030.44,-0.15
2023-10-12,5,-434.52,87.9,-522.42,57508.02,-0.9
2023-10-13,5,0.0,87.62,-87.62,57420.4,-0.15
2023-10-16,5,-401.45,87.45,-488.9,56931.5,-0.85
2023-10-17,5,145.29,86.91,58.38,56989.87,0.1
2023-10-18,5,0.0,86.99,-86.99,56902.88,-0.15
2023-10-19,5,159.15,86.08,73.07,56975.96,0.13
2023-10-20,5,-396.36,86.37,-482.73,56493.23,-0.85
2023-10-23,5,0.0,86.31,-86.31,56406.92,-0.15
2023-10-25,5,0.0,85.85,-85.85,56321.07,-0.15
2023-10-26,5,-393.37,76.58,-469.95,55851.12,-0.83
2023-10-27,5,0.0,84.49,-84.49,55766.63,-0.15
2023-10-30,5,0.0,84.38,-84.38,55682.25,-0.15
2023-10-31,5,-0.0,84.6,-84.6,55597.64,-0.15
2023-11-01,5,56.64,83.17,-26.53,55571.12,-0.05
2023-11-02,5,-94.95,83.8,-178.75,55392.37,-0.32
2023-11-03,5,-17.82,83.82,-101.64,55290.73,-0.18
2023-11-06,5,0.0,84.3,-84.3,55206.43,-0.15
2023-11-07,5,0.0,84.32,-84.32,55122.11,-0.15
2023-11-08,5,0.0,83.91,-83.91,55038.2,-0.15
2023-11-09,5,-754.33,83.32,-837.65,54200.55,-1.52
2023-11-10,5,-75.9,82.49,-158.39,54042.16,-0.29
2023-11-13,5,-445.43,81.28,-526.71,53515.45,-0.97
2023-11-15,5,0.0,81.38,-81.38,53434.07,-0.15
2023-11-16,5,21.75,80.18,-58.43,53375.64,-0.11
2023-11-17,5,-39.3,80.47,-119.77,53255.87,-0.22
2023-11-20,5,-67.2,80.63,-147.83,53108.04,-0.28
2023-11-21,5,0.0,80.34,-80.34,53027.7,-0.15
2023-11-22,5,0.0,80.94,-80.94,52946.76,-0.15
2023-11-23,5,0.0,80.28,-80.28,52866.48,-0.15
2023-11-24,5,0.0,80.43,-80.43,52786.05,-0.15
2023-11-28,5,-363.12,79.2,-442.32,52343.73,-0.84
2023-11-29,5,0.0,79.88,-79.88,52263.85,-0.15
2023-11-30,5,-370.79,79.56,-450.35,51813.5,-0.86
2023-12-01,5,0.0,79.17,-79.17,51734.33,-0.15
2023-12-04,5,0.0,78.5,-78.5,51655.83,-0.15
2023-12-05,5,0.0,78.91,-78.91,51576.92,-0.15
2023-12-06,5,0.0,76.07,-76.07,51500.85,-0.15
2023-12-07,5,0.0,78.13,-78.13,51422.72,-0.15
2023-12-08,5,0.0,78.18,-78.18,51344.54,-0.15
2023-12-11,5,-370.18,76.96,-447.14,50897.4,-0.87
2023-12-12,5,-334.3,77.32,-411.62,50485.78,-0.81
2023-12-13,5,0.0,76.68,-76.68,50409.1,-0.15
2023-12-14,5,0.0,75.77,-75.77,50333.33,-0.15
2023-12-15,5,0.0,76.86,-76.86,50256.47,-0.15
2023-12-18,5,-351.26,76.55,-427.81,49828.66,-0.85
2023-12-19,5,25.2,75.08,-49.88,49778.78,-0.1
2023-12-20,5,-342.75,74.44,-417.19,49361.59,-0.84
2023-12-21,5,0.0,75.28,-75.28,49286.31,-0.15
2023-12-22,5,-342.16,74.62,-416.78,48869.53,-0.85
2023-12-26,5,0.0,74.53,-74.53,48795.0,-0.15
2023-12-27,5,0.0,67.32,-67.32,48727.68,-0.14
2023-12-28,5,0.0,74.26,-74.26,48653.42,-0.15
2023-12-29,5,-336.35,73.69,-410.04,48243.38,-0.84
2024-01-01,5,0.0,73.45,-73.45,48169.93,-0.15
2024-01-02,5,0.0,73.53,-73.53,48096.4,-0.15
2024-01-03,5,-19.8,73.4,-93.2,48003.2,-0.19
2024-01-04,5,0.0,72.21,-72.21,47930.99,-0.15
2024-01-05,5,0.0,70.86,-70.86,47860.13,-0.15
2024-01-08,5,0.0,73.06,-73.06,47787.07,-0.15
2024-01-09,5,-332.76,72.12,-404.88,47382.19,-0.85
2024-01-10,5,0.0,72.45,-72.45,47309.74,-0.15
2024-01-11,5,-294.94,72.08,-367.02,46942.72,-0.78
2024-01-12,5,-58.2,70.3,-128.5,46814.22,-0.27
2024-01-15,5,0.0,70.62,-70.62,46743.6,-0.15
2024-01-16,5,0.0,70.3,-70.3,46673.3,-0.15
2024-01-17,5,0.0,70.53,-70.53,46602.77,-0.15
2024-01-18,5,0.0,69.87,-69.87,46532.9,-0.15
2024-01-19,5,0.0,70.3,-70.3,46462.6,-0.15
2024-01-23,5,0.0,68.77,-68.77,46393.83,-0.15
2024-01-24,5,-329.76,70.56,-400.32,45993.51,-0.86
2024-01-25,5,0.0,69.14,-69.14,45924.37,-0.15
2024-01-29,5,0.0,68.9,-68.9,45855.47,-0.15
2024-01-30,5,0.0,70.07,-70.07,45785.4,-0.15
2024-01-31,5,0.0,69.58,-69.58,45715.82,-0.15
2024-02-01,5,0.0,68.79,-68.79,45647.03,-0.15
2024-02-02,5,0.0,68.7,-68.7,45578.33,-0.15
2024-02-05,5,0.0,68.96,-68.96,45509.37,-0.15
2024-02-06,5,0.0,69.22,-69.22,45440.15,-0.15
2024-02-07,5,0.0,67.74,-67.74,45372.41,-0.15
2024-02-08,5,0.0,68.62,-68.62,45303.79,-0.15
2024-02-09,5,0.0,68.89,-68.89,45234.9,-0.15
2024-02-12,5,87.84,68.92,18.92,45253.82,0.04
2024-02-13,5,-312.4,68.6,-381.0,44872.82,-0.84
2024-02-14,5,0.0,68.28,-68.28,44804.54,-0.15
2024-02-15,5,0.0,68.25,-68.25,44736.29,-0.15
2024-02-16,5,0.0,68.02,-68.02,44668.27,-0.15
2024-02-19,5,0.0,66.97,-66.97,44601.3,-0.15
2024-02-20,5,0.0,67.17,-67.17,44534.13,-0.15
2024-02-21,5,-50.61,65.99,-116.6,44417.53,-0.26
2024-02-22,5,74.73,67.89,6.84,44424.37,0.02
2024-02-23,5,-0.0,66.67,-66.67,44357.7,-0.15
2024-02-26,5,0.0,64.21,-64.21,44293.49,-0.14
2024-02-27,5,0.0,66.9,-66.9,44226.59,-0.15
2024-02-28,5,0.0,65.89,-65.89,44160.7,-0.15
2024-02-29,5,0.0,66.39,-66.39,44094.31,-0.15
2024-03-01,5,-40.5,63.83,-104.33,43989.98,-0.24
2024-03-04,5,-285.6,65.77,-351.37,43638.61,-0.8
2024-03-05,5,0.0,65.55,-65.55,43573.06,-0.15
2024-03-06,5,0.0,66.16,-66.16,43506.9,-0.15
2024-03-07,5,0.0,66.38,-66.38,43440.52,-0.15
2024-03-11,5,-346.95,65.16,-412.11,43028.41,-0.95
2024-03-12,5,0.0,64.9,-64.9,42963.51,-0.15
2024-03-13,5,686.65,66.24,620.41,43583.92,1.44
2024-03-14,5,0.0,66.41,-66.41,43517.51,-0.15
2024-03-15,5,-302.12,66.11,-368.23,43149.28,-0.85
2024-03-18,5,9.39,52.42,-43.03,43106.25,-0.1
2024-03-19,5,-296.14,65.68,-361.82,42744.43,-0.84
2024-03-20,5,-17.4,65.1,-82.5,42661.92,-0.19
2024-03-21,5,0.0,64.83,-64.83,42597.09,-0.15
2024-03-22,5,0.0,64.57,-64.57,42532.52,-0.15
2024-03-26,5,0.0,63.89,-63.89,42468.63,-0.15
2024-03-27,5,0.0,64.17,-64.17,42404.46,-0.15
2024-03-28,5,0.0,63.36,-63.36,42341.1,-0.15
2024-04-01,5,-260.14,64.24,-324.38,42016.72,-0.77
2024-04-02,5,-255.93,62.91,-318.84,41697.88,-0.76
2024-04-03,5,-17.16,63.25,-80.41,41617.47,-0.19
2024-04-04,5,0.0,63.32,-63.32,41554.15,-0.15
2024-04-05,5,664.58,62.18,602.4,42156.55,1.45
2024-04-08,5,-601.2,63.91,-665.11,41491.44,-1.58
2024-04-09,5,0.0,63.21,-63.21,41428.23,-0.15
2024-04-10,5,0.0,62.95,-62.95,41365.28,-0.15
2024-04-12,5,0.0,62.79,-62.79,41302.49,-0.15
2024-04-15,5,0.0,63.17,-63.17,41239.32,-0.15
2024-04-16,5,-0.0,63.01,-63.01,41176.31,-0.15
2024-04-18,5,-328.88,61.47,-390.35,40785.96,-0.95
2024-04-19,5,57.6,62.02,-4.42,40781.54,-0.01
2024-04-22,5,-296.12,60.73,-356.85,40424.69,-0.88
2024-04-23,5,-0.0,57.91,-57.91,40366.78,-0.14
2024-04-24,5,-89.34,61.63,-150.97,40215.81,-0.37
2024-04-25,5,-303.45,61.16,-364.61,39851.2,-0.91
2024-04-26,5,13.65,60.84,-47.19,39804.01,-0.12
2024-04-29,5,0.0,60.28,-60.28,39743.73,-0.15
2024-04-30,5,-290.25,48.35,-338.6,39405.13,-0.85
2024-05-02,5,-90.42,58.46,-148.88,39256.25,-0.38
2024-05-03,5,34.32,58.39,-24.07,39232.18,-0.06
2024-05-06,5,-35.97,54.77,-90.74,39141.44,-0.23
2024-05-07,5,0.0,59.65,-59.65,39081.79,-0.15
2024-05-08,5,0.0,59.19,-59.19,39022.6,-0.15
2024-05-09,5,0.0,58.77,-58.77,38963.83,-0.15
2024-05-10,5,-46.02,57.52,-103.54,38860.29,-0.27
2024-05-13,5,0.0,58.9,-58.9,38801.39,-0.15
2024-05-14,5,0.0,58.11,-58.11,38743.28,-0.15
2024-05-15,5,-230.38,56.66,-287.04,38456.24,-0.74
2024-05-16,5,-23.46,45.84,-69.3,38386.94,-0.18
2024-05-17,5,0.0,55.79,-55.79,38331.15,-0.15
2024-05-21,5,-235.04,54.8,-289.84,38041.31,-0.76
2024-05-22,5,0.0,56.79,-56.79,37984.52,-0.15
2024-05-23,5,-0.0,57.0,-57.0,37927.52,-0.15
2024-05-24,5,0.0,53.3,-53.3,37874.22,-0.14
2024-05-27,5,0.0,57.85,-57.85,37816.37,-0.15
2024-05-28,5,-52.2,56.57,-108.77,37707.6,-0.29
2024-05-29,5,0.0,56.9,-56.9,37650.7,-0.15
2024-05-30,5,4.77,56.05,-51.28,37599.42,-0.14
2024-05-31,5,46.17,56.93,-10.76,37588.66,-0.03
2024-06-03,5,0.0,55.18,-55.18,37533.48,-0.15
2024-06-04,5,-0.0,57.43,-57.43,37476.05,-0.15
2024-06-05,5,0.0,56.59,-56.59,37419.46,-0.15
2024-06-06,5,128.4,52.88,75.52,37494.98,0.2
2024-06-07,5,32.43,56.7,-24.27,37470.71,-0.06
2024-06-10,5,-42.0,54.82,-96.82,37373.89,-0.26
2024-06-11,5,0.0,55.33,-55.33,37318.56,-0.15
2024-06-12,5,0.0,56.93,-56.93,37261.63,-0.15
2024-06-13,5,-509.32,55.96,-565.28,36696.35,-1.52
2024-06-14,5,0.0,53.72,-53.72,36642.63,-0.15
2024-06-18,5,0.0,52.34,-52.34,36590.29,-0.14
2024-06-19,5,-252.0,55.02,-307.02,36283.27,-0.84
2024-06-20,5,0.0,54.79,-54.79,36228.48,-0.15
2024-06-21,5,-34.29,54.11,-88.4,36140.08,-0.24
2024-06-24,5,0.0,42.51,-42.51,36097.57,-0.12
2024-06-25,5,0.0,50.1,-50.1,36047.47,-0.14
2024-06-26,5,0.0,50.63,-50.63,35996.84,-0.14
2024-06-27,5,0.0,53.81,-53.81,35943.03,-0.15
2024-06-28,5,-44.07,53.26,-97.33,35845.7,-0.27
2024-07-01,5,0.0,46.78,-46.78,35798.92,-0.13
2024-07-02,5,0.0,52.93,-52.93,35745.99,-0.15
2024-07-03,5,-17.68,53.95,-71.63,35674.36,-0.2
2024-07-04,5,-248.0,53.01,-301.01,35373.35,-0.84
2024-07-05,5,0.0,51.89,-51.89,35321.46,-0.15
2024-07-08,5,24.92,48.4,-23.48,35297.98,-0.07
2024-07-09,5,0.0,53.47,-53.47,35244.51,-0.15
2024-07-10,5,-246.38,52.98,-299.36,34945.15,-0.85
2024-07-11,5,10.09,51.22,-41.13,34904.02,-0.12
2024-07-12,5,0.0,51.16,-51.16,34852.86,-0.15
2024-07-15,5,-34.95,52.32,-87.27,34765.59,-0.25
2024-07-16,5,-15.0,52.3,-67.3,34698.29,-0.19
2024-07-18,5,0.0,52.24,-52.24,34646.05,-0.15
2024-07-19,5,-0.0,52.39,-52.39,34593.66,-0.15
2024-07-22,5,0.0,51.7,-51.7,34541.96,-0.15
2024-07-23,5,0.0,51.47,-51.47,34490.49,-0.15
2024-07-24,5,-30.24,50.4,-80.64,34409.85,-0.23
2024-07-25,5,-218.79,50.9,-269.69,34140.16,-0.78
2024-07-26,5,-29.23,50.98,-80.21,34059.95,-0.23
2024-07-29,5,0.0,51.78,-51.78,34008.17,-0.15
2024-07-30,5,-47.88,46.41,-94.29,33913.88,-0.28
2024-07-31,5,0.0,51.4,-51.4,33862.48,-0.15
2024-08-01,5,-0.0,51.12,-51.12,33811.36,-0.15
2024-08-02,5,-0.0,51.57,-51.57,33759.79,-0.15
2024-08-05,5,0.0,39.47,-39.47,33720.32,-0.12
2024-08-06,5,0.0,51.3,-51.3,33669.02,-0.15
2024-08-07,5,4.2,46.98,-42.78,33626.24,-0.13
2024-08-08,5,0.0,40.78,-40.78,33585.46,-0.12
2024-08-09,5,0.0,49.43,-49.43,33536.03,-0.15
2024-08-12,5,0.0,50.81,-50.81,33485.22,-0.15
2024-08-13,5,0.0,50.81,-50.81,33434.41,-0.15
2024-08-14,5,-25.44,50.99,-76.43,33357.98,-0.23
2024-08-16,5,-231.24,50.48,-281.72,33076.26,-0.84
2024-08-19,5,0.0,49.4,-49.4,33026.86,-0.15
2024-08-20,5,0.0,48.79,-48.79,32978.07,-0.15
2024-08-21,5,0.0,50.08,-50.08,32927.99,-0.15
2024-08-22,5,-36.63,48.35,-84.98,32843.01,-0.26
2024-08-23,5,0.0,50.06,-50.06,32792.95,-0.15
2024-08-26,5,0.0,48.28,-48.28,32744.67,-0.15
2024-08-27,5,0.0,49.78,-49.78,32694.89,-0.15
2024-08-28,5,-228.0,49.05,-277.05,32417.84,-0.85
2024-08-29,5,11.88,48.45,-36.57,32381.27,-0.11
2024-08-30,5,-34.17,48.4,-82.57,32298.7,-0.25
2024-09-02,5,0.0,48.52,-48.52,32250.18,-0.15
2024-09-03,5,-225.0,47.47,-272.47,31977.71,-0.84
2024-09-04,5,0.0,48.43,-48.43,31929.28,-0.15
2024-09-05,5,0.0,46.25,-46.25,31883.03,-0.14
2024-09-06,5,0.0,48.59,-48.59,31834.44,-0.15
2024-09-09,5,0.0,44.09,-44.09,31790.35,-0.14
2024-09-10,5,-33.0,47.95,-80.95,31709.4,-0.25
2024-09-11,5,0.0,45.73,-45.73,31663.67,-0.14
2024-09-12,5,0.0,45.65,-45.65,31618.02,-0.14
2024-09-13,5,-0.0,46.49,-46.49,31571.53,-0.15
2024-09-16,5,0.0,47.63,-47.63,31523.9,-0.15
2024-09-17,5,-218.94,47.58,-266.52,31257.38,-0.85
2024-09-18,5,0.0,47.66,-47.66,31209.72,-0.15
2024-09-19,5,0.0,45.21,-45.21,31164.51,-0.14
2024-09-20,5,0.0,47.58,-47.58,31116.93,-0.15
2024-09-23,5,0.0,46.55,-46.55,31070.38,-0.15
2024-09-24,5,-0.0,47.27,-47.27,31023.11,-0.15
2024-09-25,5,0.0,37.7,-37.7,30985.41,-0.12
2024-09-26,5,0.0,46.71,-46.71,30938.7,-0.15
2024-09-27,5,-0.0,46.97,-46.97,30891.73,-0.15
2024-09-30,5,-215.67,46.77,-262.44,30629.29,-0.85
2024-10-01,5,0.0,46.29,-46.29,30583.0,-0.15
2024-10-03,5,0.0,46.66,-46.66,30536.34,-0.15
2024-10-04,5,-0.0,45.58,-45.58,30490.76,-0.15
2024-10-07,5,-0.0,45.57,-45.57,30445.19,-0.15
2024-10-08,5,0.0,45.84,-45.84,30399.35,-0.15
2024-10-09,5,-211.05,45.97,-257.02,30142.33,-0.85
2024-10-10,5,-0.0,45.73,-45.73,30096.6,-0.15
2024-10-11,5,0.0,45.03,-45.03,30051.57,-0.15
2024-10-14,5,0.0,44.97,-44.97,30006.6,-0.15
2024-10-15,5,33.44,45.2,-11.76,29994.84,-0.04
2024-10-16,5,0.0,35.79,-35.79,29959.05,-0.12
2024-10-17,5,-235.99,42.25,-278.24,29680.81,-0.93
2024-10-18,5,0.0,44.53,-44.53,29636.28,-0.15
2024-10-21,5,0.0,45.22,-45.22,29591.06,-0.15
2024-10-22,5,0.0,43.52,-43.52,29547.54,-0.15
2024-10-23,5,0.0,44.74,-44.74,29502.8,-0.15
2024-10-24,5,-195.24,44.02,-239.26,29263.54,-0.81
2024-10-25,5,-23.04,41.33,-64.37,29199.17,-0.22
2024-10-28,5,0.0,38.33,-38.33,29160.84,-0.13
2024-10-29,5,-202.32,34.86,-237.18,28923.66,-0.81
2024-10-30,5,108.68,40.03,68.65,28992.31,0.24
2024-10-31,5,25.84,43.83,-17.99,28974.32,-0.06
2024-11-01,5,-35.42,35.97,-71.39,28902.93,-0.25
2024-11-04,5,-199.8,43.5,-243.3,28659.63,-0.84
2024-11-05,5,0.0,42.4,-42.4,28617.23,-0.15
2024-11-06,5,-195.27,41.07,-236.34,28380.89,-0.83
2024-11-07,5,53.55,31.13,22.42,28403.31,0.08
2024-11-08,5,8.45,33.68,-25.23,28378.08,-0.09
2024-11-11,5,0.0,38.21,-38.21,28339.87,-0.13
2024-11-12,5,67.16,39.88,27.28,28367.15,0.1
2024-11-13,5,0.0,38.72,-38.72,28328.43,-0.14
2024-11-14,5,-197.6,42.3,-239.9,28088.53,-0.85
2024-11-18,5,-0.0,41.2,-41.2,28047.33,-0.15
2024-11-19,5,0.0,42.63,-42.63,28004.7,-0.15
2024-11-21,5,0.0,42.1,-42.1,27962.6,-0.15
2024-11-22,5,-190.12,40.87,-230.99,27731.61,-0.83
2024-11-25,5,25.1,42.37,-17.27,27714.34,-0.06
2024-11-26,5,0.0,41.98,-41.98,27672.36,-0.15
2024-11-27,5,-192.76,41.89,-234.65,27437.71,-0.85
2024-11-28,5,114.1,39.54,74.56,27512.27,0.27
2024-11-29,5,0.0,25.15,-25.15,27487.12,-0.09
2024-12-02,5,24.51,41.71,-17.2,27469.92,-0.06
2024-12-03,5,0.0,39.85,-39.85,27430.07,-0.15
2024-12-04,5,-31.68,41.61,-73.29,27356.78,-0.27
2024-12-05,5,47.52,40.63,6.89,27363.67,0.03
2024-12-06,5,0.0,41.72,-41.72,27321.95,-0.15
2024-12-09,5,-39.6,40.82,-80.42,27241.53,-0.29
2024-12-10,5,0.0,39.47,-39.47,27202.06,-0.14
2024-12-11,5,0.0,41.05,-41.05,27161.01,-0.15
2024-12-12,5,0.0,40.64,-40.64,27120.37,-0.15
2024-12-13,5,-191.6,39.35,-230.95,26889.42,-0.85
2024-12-16,5,0.0,38.97,-38.97,26850.45,-0.14
2024-12-17,5,0.0,38.71,-38.71,26811.74,-0.14
2024-12-18,5,0.0,40.59,-40.59,26771.15,-0.15
2024-12-19,5,0.0,39.71,-39.71,26731.44,-0.15
2024-12-20,5,0.0,40.13,-40.13,26691.31,-0.15
2024-12-23,5,-34.22,39.73,-73.95,26617.36,-0.28
2024-12-24,5,0.0,40.5,-40.5,26576.86,-0.15
2024-12-26,5,0.0,40.2,-40.2,26536.66,-0.15
2024-12-27,5,6.6,39.97,-33.37,26503.29,-0.13
2024-12-30,5,0.0,40.11,-40.11,26463.18,-0.15
2024-12-31,5,0.0,37.92,-37.92,26425.26,-0.14
2025-01-01,5,11.83,32.17,-20.34,26404.92,-0.08
2025-01-02,5,0.0,40.29,-40.29,26364.63,-0.15
2025-01-03,5,0.0,39.12,-39.12,26325.51,-0.15
2025-01-06,5,-26.23,39.75,-65.98,26259.53,-0.25
2025-01-07,5,-183.4,39.44,-222.84,26036.69,-0.85
2025-01-08,5,-19.98,39.4,-59.38,25977.31,-0.23
2025-01-09,5,0.0,38.27,-38.27,25939.04,-0.15
2025-01-10,5,-181.2,38.94,-220.14,25718.9,-0.85
2025-01-13,5,0.0,38.07,-38.07,25680.83,-0.15
2025-01-14,5,0.0,36.46,-36.46,25644.37,-0.14
2025-01-15,5,0.0,38.37,-38.37,25606.0,-0.15
2025-01-16,5,0.0,35.1,-35.1,25570.9,-0.14
2025-01-17,5,-16.77,38.56,-55.33,25515.57,-0.22
2025-01-20,5,0.0,37.71,-37.71,25477.86,-0.15
2025-01-21,5,-176.64,37.24,-213.88,25263.98,-0.84
2025-01-22,5,-345.83,37.24,-383.07,24880.91,-1.52
2025-01-23,5,0.0,29.15,-29.15,24851.76,-0.12
2025-01-24,5,-171.53,29.26,-200.79,24650.97,-0.81
2025-01-27,5,6.93,34.19,-27.26,24623.71,-0.11
2025-01-28,5,-160.6,36.32,-196.92,24426.79,-0.8
2025-01-29,5,0.0,32.24,-32.24,24394.55,-0.13
2025-01-30,5,-1.32,36.02,-37.34,24357.21,-0.15
2025-01-31,5,0.0,35.95,-35.95,24321.26,-0.15
2025-02-01,5,-0.0,36.63,-36.63,24284.63,-0.15
2025-02-03,5,-167.19,26.55,-193.74,24090.89,-0.8
2025-02-04,5,63.84,35.57,28.27,24119.16,0.12
2025-02-05,5,-124.47,34.82,-159.29,23959.87,-0.66
2025-02-06,5,0.0,35.87,-35.87,23924.0,-0.15
2025-02-07,5,0.0,35.58,-35.58,23888.42,-0.15
2025-02-10,5,18.18,34.26,-16.08,23872.34,-0.07
2025-02-11,5,-0.0,35.39,-35.39,23836.95,-0.15
2025-02-12,5,0.0,32.97,-32.97,23803.98,-0.14
2025-02-13,5,9.17,28.64,-19.47,23784.51,-0.08
2025-02-14,5,0.0,35.81,-35.81,23748.7,-0.15
2025-02-17,5,0.0,35.52,-35.52,23713.18,-0.15
2025-02-18,5,15.54,36.09,-20.55,23692.63,-0.09
2025-02-19,5,0.0,35.7,-35.7,23656.93,-0.15
2025-02-20,5,-164.43,35.78,-200.21,23456.72,-0.85
2025-02-21,5,0.0,35.63,-35.63,23421.09,-0.15
2025-02-24,5,0.0,34.87,-34.87,23386.22,-0.15
2025-02-25,5,0.0,32.09,-32.09,23354.13,-0.14
2025-02-27,5,0.0,32.11,-32.11,23322.02,-0.14
2025-02-28,5,-176.12,34.79,-210.91,23111.11,-0.9
2025-03-03,5,0.0,34.97,-34.97,23076.14,-0.15
2025-03-04,5,0.0,34.78,-34.78,23041.36,-0.15
2025-03-05,5,9.2,35.12,-25.92,23015.44,-0.11
2025-03-06,5,-27.35,34.69,-62.04,22953.4,-0.27
2025-03-07,5,0.0,34.85,-34.85,22918.55,-0.15
2025-03-10,5,0.0,33.36,-33.36,22885.19,-0.15
2025-03-11,5,19.89,34.8,-14.91,22870.28,-0.07
2025-03-12,5,0.0,34.28,-34.28,22836.0,-0.15
2025-03-13,5,0.0,34.26,-34.26,22801.74,-0.15
2025-03-17,5,-160.16,34.54,-194.7,22607.04,-0.85
2025-03-18,5,-149.94,33.47,-183.41,22423.63,-0.81
2025-03-19,5,0.0,34.07,-34.07,22389.56,-0.15
2025-03-20,5,0.0,32.6,-32.6,22356.96,-0.15
2025-03-21,5,-160.65,34.03,-194.68,22162.28,-0.87
2025-03-24,5,45.6,30.51,15.09,22177.37,0.07
2025-03-25,5,0.0,30.61,-30.61,22146.76,-0.14
2025-03-26,5,-151.56,30.04,-181.6,21965.16,-0.82
2025-03-27,5,0.0,33.16,-33.16,21932.0,-0.15
2025-03-28,5,0.0,33.38,-33.38,21898.62,-0.15
2025-04-01,5,0.0,33.46,-33.46,21865.16,-0.15
2025-04-02,5,-168.04,32.55,-200.59,21664.57,-0.92
2025-04-03,5,0.0,31.27,-31.27,21633.3,-0.14
2025-04-04,5,-149.31,32.59,-181.9,21451.4,-0.84
2025-04-07,5,0.0,32.22,-32.22,21419.18,-0.15
2025-04-08,5,0.0,31.98,-31.98,21387.2,-0.15
2025-04-09,5,0.0,31.89,-31.89,21355.31,-0.15
2025-04-11,5,-139.41,29.03,-168.44,21186.87,-0.79
2025-04-15,5,-132.61,28.8,-161.41,21025.46,-0.76
2025-04-16,5,0.0,31.38,-31.38,20994.08,-0.15
2025-04-17,5,0.0,31.84,-31.84,20962.24,-0.15
2025-04-21,5,0.0,29.95,-29.95,20932.29,-0.14
2025-04-22,5,-141.39,31.33,-172.72,20759.57,-0.83
2025-04-23,5,-23.75,31.26,-55.01,20704.56,-0.26
2025-04-24,5,-139.49,31.07,-170.56,20534.0,-0.82
2025-04-25,5,0.0,30.6,-30.6,20503.4,-0.15
2025-04-28,5,0.0,31.05,-31.05,20472.35,-0.15
2025-04-29,5,-16.35,31.19,-47.54,20424.81,-0.23
2025-04-30,5,18.06,28.56,-10.5,20414.31,-0.05
2025-05-02,5,-26.67,29.98,-56.65,20357.66,-0.28
2025-05-05,5,0.0,30.89,-30.89,20326.77,-0.15
2025-05-06,5,-0.0,30.15,-30.15,20296.62,-0.15
2025-05-07,5,-21.45,29.63,-51.08,20245.54,-0.25
2025-05-08,5,0.0,30.93,-30.93,20214.61,-0.15
2025-05-09,5,0.0,30.64,-30.64,20183.97,-0.15
2025-05-12,5,0.0,30.75,-30.75,20153.22,-0.15
2025-05-13,5,0.0,28.68,-28.68,20124.54,-0.14
2025-05-14,5,0.0,29.98,-29.98,20094.56,-0.15
2025-05-15,5,-141.12,29.47,-170.59,19923.97,-0.85
2025-05-16,5,0.0,28.99,-28.99,19894.98,-0.15
2025-05-19,5,0.0,29.8,-29.8,19865.18,-0.15
2025-05-20,5,32.78,27.19,5.59,19870.77,0.03
2025-05-21,5,-11.99,30.1,-42.09,19828.68,-0.21
2025-05-22,5,0.0,28.68,-28.68,19800.0,-0.14
2025-05-23,5,0.0,29.39,-29.39,19770.61,-0.15
2025-05-26,5,2.59,30.2,-27.61,19743.0,-0.14
2025-05-27,5,-18.33,27.07,-45.4,19697.6,-0.23
2025-05-28,5,15.9,29.95,-14.05,19683.55,-0.07
2025-05-29,5,-6.6,29.79,-36.39,19647.16,-0.18
2025-05-30,5,29.59,29.89,-0.3,19646.86,-0.0
2025-06-02,5,26.23,29.55,-3.32,19643.54,-0.02
2025-06-03,5,-0.0,29.31,-29.31,19614.23,-0.15
2025-06-04,5,10.29,29.58,-19.29,19594.94,-0.1
2025-06-05,5,15.63,29.62,-13.99,19580.95,-0.07
2025-06-06,5,0.0,26.1,-26.1,19554.85,-0.13
2025-06-09,5,52.46,29.43,23.03,19577.88,0.12
2025-06-10,5,0.0,29.83,-29.83,19548.05,-0.15
2025-06-11,5,-135.66,29.71,-165.37,19382.68,-0.85
2025-06-12,5,75.67,29.49,46.18,19428.86,0.24
2025-06-13,5,0.0,29.67,-29.67,19399.19,-0.15
2025-06-16,5,29.64,29.65,-0.01,19399.18,-0.0
2025-06-17,5,-133.7,29.42,-163.12,19236.06,-0.84
2025-06-18,5,-156.52,28.19,-184.71,19051.35,-0.96
2025-06-19,5,-132.08,28.99,-161.07,18890.28,-0.85
2025-06-20,5,39.38,28.61,10.77,18901.05,0.06
2025-06-23,5,14.94,27.58,-12.64,18888.41,-0.07
2025-06-24,5,-142.91,28.46,-171.37,18717.04,-0.91
2025-06-25,5,0.0,27.34,-27.34,18689.7,-0.15
2025-06-26,5,-21.9,27.53,-49.43,18640.27,-0.26
2025-06-27,5,-112.35,25.93,-138.28,18501.99,-0.74
2025-06-30,5,6.19,28.14,-21.95,18480.05,-0.12
2025-07-01,5,-101.02,27.8,-128.82,18351.23,-0.7
2025-07-02,5,21.73,27.71,-5.98,18345.25,-0.03
2025-07-03,5,39.39,25.8,13.59,18358.84,0.07
2025-07-04,5,-127.68,27.3,-154.98,18203.86,-0.84
2025-07-07,5,0.0,27.52,-27.52,18176.34,-0.15
2025-07-08,5,-131.37,27.55,-158.92,18017.42,-0.87
2025-07-09,5,-1.52,25.33,-26.85,17990.57,-0.15
2025-07-10,5,-41.77,21.57,-63.34,17927.23,-0.35
2025-07-11,5,-124.55,25.6,-150.15,17777.08,-0.84
2025-07-14,5,44.76,25.16,19.6,17796.68,0.11
2025-07-15,5,-13.58,25.18,-38.76,17757.92,-0.22
2025-07-16,5,-66.22,26.73,-92.95,17664.97,-0.52
2025-07-17,5,4.5,25.61,-21.11,17643.86,-0.12
2025-07-18,5,0.0,26.65,-26.65,17617.21,-0.15
2025-07-21,5,0.0,25.92,-25.92,17591.29,-0.15
2025-07-22,5,-27.27,20.35,-47.62,17543.67,-0.27
2025-07-23,5,-3.84,20.52,-24.36,17519.31,-0.14
2025-07-24,5,23.4,26.76,-3.36,17515.95,-0.02
2025-07-25,5,34.0,21.01,12.99,17528.94,0.07
2025-07-28,5,0.0,20.4,-20.4,17508.54,-0.12
2025-07-29,5,0.0,25.48,-25.48,17483.06,-0.15
2025-07-30,5,-123.0,26.49,-149.49,17333.57,-0.86
2025-07-31,5,0.0,25.19,-25.19,17308.38,-0.15
2025-08-01,5,-118.95,25.02,-143.97,17164.41,-0.83
2025-08-04,5,-115.44,25.7,-141.14,17023.27,-0.82
2025-08-05,5,17.92,25.06,-7.14,17016.13,-0.04
2025-08-06,5,-118.34,24.05,-142.39,16873.74,-0.84
2025-08-07,5,8.76,24.72,-15.96,16857.78,-0.09
2025-08-08,5,15.25,24.94,-9.69,16848.09,-0.06
2025-08-11,5,-101.47,24.85,-126.32,16721.77,-0.75
2025-08-12,5,0.0,24.08,-24.08,16697.69,-0.14
2025-08-13,5,-125.06,24.37,-149.43,16548.26,-0.89
2025-08-14,5,-0.0,24.72,-24.72,16523.54,-0.15
2025-08-18,5,0.0,24.12,-24.12,16499.42,-0.15
2025-08-19,5,0.0,23.31,-23.31,16476.11,-0.14
2025-08-20,5,-109.8,23.48,-133.28,16342.83,-0.81
2025-08-21,5,-115.57,24.82,-140.39,16202.44,-0.86
2025-08-22,5,-11.36,24.32,-35.68,16166.76,-0.22
2025-08-25,5,0.0,22.86,-22.86,16143.9,-0.14
2025-08-26,5,-14.52,24.33,-38.85,16105.05,-0.24
2025-08-28,5,18.15,24.27,-6.12,16098.93,-0.04
2025-08-29,5,-89.22,24.48,-113.7,15985.23,-0.71
2025-09-01,5,0.0,22.74,-22.74,15962.49,-0.14
2025-09-02,5,0.0,24.27,-24.27,15938.22,-0.15
2025-09-03,5,0.0,23.74,-23.74,15914.48,-0.15
2025-09-04,5,0.0,23.1,-23.1,15891.38,-0.15
2025-09-05,5,-19.08,22.94,-42.02,15849.36,-0.26
2025-09-08,5,4.62,23.76,-19.14,15830.22,-0.12
2025-09-09,5,41.28,23.79,17.49,15847.71,0.11
2025-09-10,5,-1.89,23.79,-25.68,15822.03,-0.16
2025-09-11,5,251.44,24.08,227.36,16049.39,1.44
2025-09-12,5,-20.24,24.33,-44.57,16004.82,-0.28
2025-09-15,5,0.0,24.2,-24.2,15980.62,-0.15
2025-09-16,5,0.0,23.82,-23.82,15956.8,-0.15
2025-09-17,5,-19.47,23.79,-43.26,15913.54,-0.27
2025-09-18,5,-127.77,23.04,-150.81,15762.73,-0.95
2025-09-19,5,0.0,23.7,-23.7,15739.03,-0.15
2025-09-22,5,0.0,23.15,-23.15,15715.88,-0.15
2025-09-23,5,0.0,22.88,-22.88,15693.0,-0.15
2025-09-24,5,0.0,21.82,-21.82,15671.18,-0.14
2025-09-25,5,0.0,23.37,-23.37,15647.81,-0.15
2025-09-26,5,0.0,21.1,-21.1,15626.71,-0.13
2025-09-29,5,0.0,23.32,-23.32,15603.39,-0.15
2025-09-30,5,-81.99,23.57,-105.56,15497.83,-0.68
2025-10-01,5,0.0,22.12,-22.12,15475.71,-0.14
2025-10-03,5,35.75,23.59,12.16,15487.87,0.08
2025-10-06,5,0.0,21.66,-21.66,15466.21,-0.14
2025-10-07,5,12.54,22.38,-9.84,15456.37,-0.06
2025-10-08,5,0.0,22.89,-22.89,15433.48,-0.15
2025-10-09,5,0.0,22.89,-22.89,15410.59,-0.15
2025-10-10,5,0.0,18.6,-18.6,15391.99,-0.12
2025-10-13,5,0.0,21.14,-21.14,15370.85,-0.14
2025-10-14,5,0.0,21.84,-21.84,15349.01,-0.14
2025-10-15,5,-3.57,22.53,-26.1,15322.91,-0.17
2025-10-16,5,-212.03,23.13,-235.16,15087.75,-1.53
2025-10-17,5,-0.84,22.01,-22.85,15064.9,-0.15
2025-10-20,5,2.8,21.12,-18.32,15046.58,-0.12
2025-10-21,5,-28.11,21.78,-49.89,14996.69,-0.33
2025-10-23,5,-214.46,22.58,-237.04,14759.65,-1.58
2025-10-24,5,-0.0,21.83,-21.83,14737.82,-0.15
2025-10-27,5,-100.8,20.93,-121.73,14616.09,-0.83
2025-10-28,5,0.0,22.01,-22.01,14594.08,-0.15
2025-10-29,5,0.0,21.18,-21.18,14572.9,-0.15
2025-10-30,5,-13.2,21.41,-34.61,14538.29,-0.24
2025-10-31,5,0.0,22.13,-22.13,14516.16,-0.15
2025-11-03,5,23.25,21.98,1.27,14517.43,0.01
2025-11-04,5,0.0,21.35,-21.35,14496.08,-0.15
2025-11-06,5,-4.71,21.84,-26.55,14469.53,-0.18
2025-11-07,5,0.0,17.51,-17.51,14452.02,-0.12
2025-11-10,5,-4.62,21.77,-26.39,14425.63,-0.18
2025-11-11,5,15.62,21.65,-6.03,14419.6,-0.04
2025-11-12,5,-10.94,20.22,-31.16,14388.44,-0.22
2025-11-13,5,0.0,21.17,-21.17,14367.27,-0.15
2025-11-14,5,-98.06,21.41,-119.47,14247.8,-0.83
2025-11-17,5,-88.73,20.86,-109.59,14138.21,-0.77
2025-11-18,5,-5.85,21.5,-27.35,14110.86,-0.19
2025-11-19,5,0.0,21.42,-21.42,14089.44,-0.15
2025-11-20,5,22.32,21.27,1.05,14090.49,0.01
2025-11-21,5,0.0,20.74,-20.74,14069.75,-0.15
2025-11-24,5,-98.89,20.93,-119.82,13949.93,-0.85
2025-11-25,5,-108.96,20.27,-129.23,13820.7,-0.93
2025-11-26,5,0.0,20.88,-20.88,13799.82,-0.15
2025-11-27,5,0.0,21.02,-21.02,13778.8,-0.15
2025-11-28,5,3.27,21.02,-17.75,13761.05,-0.13
2025-12-01,5,0.0,20.28,-20.28,13740.77,-0.15
2025-12-02,5,0.0,20.56,-20.56,13720.21,-0.15
2025-12-03,5,0.0,20.56,-20.56,13699.65,-0.15
2025-12-04,5,-6.48,20.69,-27.17,13672.48,-0.2
2025-12-05,5,0.0,20.55,-20.55,13651.93,-0.15
2025-12-08,5,0.0,20.59,-20.59,13631.34,-0.15
2025-12-09,5,0.0,20.02,-20.02,13611.32,-0.15
2025-12-10,5,-95.0,20.49,-115.49,13495.83,-0.85
2025-12-11,5,0.0,20.39,-20.39,13475.44,-0.15
2025-12-12,5,0.0,18.59,-18.59,13456.85,-0.14
2025-12-15,5,-0.0,20.34,-20.34,13436.51,-0.15
2025-12-16,5,-0.0,20.12,-20.12,13416.39,-0.15
2025-12-17,5,-95.64,20.1,-115.74,13300.65,-0.86
2025-12-18,5,0.0,17.56,-17.56,13283.09,-0.13
2025-12-19,5,0.0,20.15,-20.15,13262.94,-0.15
2025-12-22,5,-92.95,19.83,-112.78,13150.16,-0.85
2025-12-23,5,20.46,19.8,0.66,13150.82,0.01
2025-12-24,5,0.0,19.87,-19.87,13130.95,-0.15
2025-12-26,5,-15.24,19.76,-35.0,13095.95,-0.27
2025-12-29,5,0.0,19.82,-19.82,13076.13,-0.15
2025-12-30,5,-0.0,19.02,-19.02,13057.11,-0.15
2025-12-31,5,-87.15,19.16,-106.31,12950.8,-0.81
2026-01-01,5,27.3,19.74,7.56,12958.36,0.06
2026-01-02,5,0.0,19.59,-19.59,12938.77,-0.15
2026-01-05,5,-89.88,19.27,-109.15,12829.62,-0.84
2026-01-06,5,0.0,19.31,-19.31,12810.31,-0.15
2026-01-07,5,-10.08,18.16,-28.24,12782.07,-0.22
2026-01-08,5,0.0,17.85,-17.85,12764.22,-0.14
2026-01-09,5,0.0,18.92,-18.92,12745.3,-0.15
2026-01-12,5,-85.56,18.55,-104.11,12641.19,-0.82
2026-01-13,5,0.0,19.16,-19.16,12622.03,-0.15
2026-01-14,5,-5.28,19.21,-24.49,12597.54,-0.19
2026-01-16,5,-4.12,17.46,-21.58,12575.96,-0.17
2026-01-19,5,-87.84,19.06,-106.9,12469.06,-0.85
2026-01-20,5,0.0,18.83,-18.83,12450.23,-0.15
2026-01-21,5,0.0,18.94,-18.94,12431.29,-0.15
2026-01-22,5,0.0,18.06,-18.06,12413.23,-0.15
2026-01-23,5,-9.72,18.02,-27.74,12385.49,-0.22
2026-01-27,5,-18.06,18.75,-36.81,12348.68,-0.3
2026-01-28,5,-7.8,18.67,-26.47,12322.21,-0.21
2026-01-29,5,-84.96,17.35,-102.31,12219.9,-0.83
2026-01-30,5,0.0,17.99,-17.99,12201.91,-0.15
2026-02-02,5,-8.1,18.04,-26.14,12175.77,-0.21
2026-02-03,5,3.42,18.57,-15.15,12160.62,-0.12
2026-02-04,5,-0.0,18.19,-18.19,12142.43,-0.15
2026-02-05,5,15.68,18.05,-2.37,12140.06,-0.02
2026-02-06,5,-78.49,17.5,-95.99,12044.07,-0.79
2026-02-09,5,-83.3,18.13,-101.43,11942.64,-0.84
2026-02-10,5,0.0,18.03,-18.03,11924.61,-0.15
2026-02-11,5,-78.93,14.3,-93.23,11831.38,-0.78
2026-02-12,5,0.0,14.09,-14.09,11817.29,-0.12
2026-02-13,5,-5.33,17.76,-23.09,11794.2,-0.2
2026-02-16,5,0.0,16.3,-16.3,11777.9,-0.14
2026-02-17,5,-0.0,17.87,-17.87,11760.03,-0.15
2026-02-18,5,0.0,17.83,-17.83,11742.2,-0.15
2026-02-19,5,185.55,14.31,171.24,11913.44,1.46
2026-02-20,5,0.0,18.2,-18.2,11895.24,-0.15
2026-02-23,5,0.0,17.71,-17.71,11877.53,-0.15
2026-02-24,5,-74.64,17.69,-92.33,11785.2,-0.78
2026-02-25,5,0.0,16.99,-16.99,11768.21,-0.14
2026-02-26,5,-0.39,17.84,-18.23,11749.98,-0.15
2026-02-27,5,-14.77,17.3,-32.07,11717.91,-0.27
2026-03-02,5,-86.0,16.7,-102.7,11615.21,-0.88
2026-03-04,5,0.0,17.03,-17.03,11598.18,-0.15
2026-03-05,5,2.55,17.49,-14.94,11583.24,-0.13
2026-03-06,5,0.0,17.63,-17.63,11565.61,-0.15
2026-03-09,5,1.76,17.15,-15.39,11550.22,-0.13
2026-03-10,5,-71.55,16.59,-88.14,11462.08,-0.76
2026-03-11,5,-16.1,17.1,-33.2,11428.88,-0.29
2026-03-12,5,0.0,16.44,-16.44,11412.44,-0.14
2026-03-13,5,11.39,17.42,-6.03,11406.41,-0.05
2026-03-16,5,0.0,17.34,-17.34,11389.07,-0.15
2026-03-17,5,0.0,17.34,-17.34,11371.73,-0.15
2026-03-18,5,0.0,17.12,-17.12,11354.61,-0.15
2026-03-19,5,0.0,17.35,-17.35,11337.26,-0.15
2026-03-20,5,-78.96,17.21,-96.17,11241.09,-0.85
2026-03-23,5,0.0,15.7,-15.7,11225.39,-0.14
2026-03-24,5,0.0,16.96,-16.96,11208.43,-0.15
2026-03-25,5,0.0,16.98,-16.98,11191.45,-0.15
2026-03-27,5,-77.76,15.59,-93.35,11098.1,-0.83
2026-03-30,5,-76.02,16.2,-92.22,11005.88,-0.83
2026-04-01,5,0.0,16.63,-16.63,10989.25,-0.15
2026-04-02,5,0.0,16.49,-16.49,10972.76,-0.15
2026-04-06,5,-6.9,16.72,-23.62,10949.14,-0.22
2026-04-07,5,39.75,16.44,23.31,10972.45,0.21
2026-04-08,5,-73.0,16.48,-89.48,10882.97,-0.82
2026-04-09,5,0.0,16.44,-16.44,10866.53,-0.15
2026-04-10,5,0.0,15.97,-15.97,10850.56,-0.15
2026-04-13,5,0.0,15.68,-15.68,10834.88,-0.14
2026-04-15,5,28.15,16.48,11.67,10846.55,0.11
2026-04-16,5,0.0,15.25,-15.25,10831.3,-0.14
2026-04-17,5,0.0,16.5,-16.5,10814.8,-0.15
2026-04-20,5,0.0,15.93,-15.93,10798.87,-0.15
2026-04-21,5,0.0,15.6,-15.6,10783.27,-0.14
2026-04-22,5,0.0,16.12,-16.12,10767.15,-0.15
2026-04-23,5,0.0,15.68,-15.68,10751.47,-0.15
2026-04-24,5,-74.0,15.49,-89.49,10661.98,-0.83
2026-04-27,5,0.0,15.71,-15.71,10646.27,-0.15
2026-04-28,5,-68.52,16.08,-84.6,10561.67,-0.79
2026-04-29,5,0.0,15.86,-15.86,10545.81,-0.15
2026-04-30,5,-0.81,15.87,-16.68,10529.13,-0.16
2026-05-04,5,17.28,14.16,3.12,10532.26,0.03
2026-05-05,5,4.8,12.88,-8.08,10524.18,-0.08
2026-05-06,5,-11.4,15.04,-26.44,10497.74,-0.25
2026-05-07,5,1.04,14.18,-13.14,10484.6,-0.13
2026-05-08,5,0.0,12.12,-12.12,10472.48,-0.12
2026-05-11,5,0.0,15.73,-15.73,10456.75,-0.15
2026-05-12,5,-14.49,14.87,-29.36,10427.39,-0.28
2026-05-13,5,0.0,12.26,-12.26,10415.13,-0.12
2026-05-14,5,-3.12,10.73,-13.85,10401.28,-0.13
2026-05-15,5,0.0,15.05,-15.05,10386.23,-0.14
2026-05-18,5,0.0,13.93,-13.93,10372.3,-0.13
2026-05-19,5,0.0,14.98,-14.98,10357.32,-0.14
2026-05-20,5,-77.75,15.47,-93.22,10264.1,-0.9
2026-05-21,5,21.47,15.29,6.18,10270.28,0.06
2026-05-22,5,-67.0,14.23,-81.23,10189.05,-0.79
2026-05-25,5,0.0,15.35,-15.35,10173.7,-0.15
2026-05-26,5,0.0,13.72,-13.72,10159.98,-0.13
2026-05-27,5,0.0,11.56,-11.56,10148.42,-0.11
2026-05-29,5,0.0,15.21,-15.21,10133.21,-0.15
2026-06-01,5,-70.7,13.77,-84.47,10048.74,-0.83
2026-06-02,5,0.0,14.76,-14.76,10033.98,-0.15
2026-06-03,5,0.0,8.96,-8.96,10025.02,-0.09
2026-06-04,5,0.0,12.59,-12.59,10012.43,-0.13
2026-06-05,5,0.0,13.99,-13.99,9998.44,-0.14
2026-06-08,5,-68.97,14.43,-83.4,9915.04,-0.83
2026-06-09,5,0.0,14.15,-14.15,9900.89,-0.14
2026-06-10,5,23.14,15.04,8.1,9908.99,0.08
2026-06-11,5,0.0,15.09,-15.09,9893.9,-0.15
2026-06-12,5,0.0,14.56,-14.56,9879.34,-0.15
2026-06-15,5,0.0,14.68,-14.68,9864.66,-0.15
2026-06-16,5,-15.38,14.86,-30.24,9834.42,-0.31
2026-06-17,5,-80.55,12.38,-92.93,9741.49,-0.94
2026-06-18,5,-0.0,13.74,-13.74,9727.75,-0.14
2026-06-19,5,0.0,13.08,-13.08,9714.67,-0.13
2026-06-22,5,0.0,13.72,-13.72,9700.95,-0.14
2026-06-23,5,0.0,11.3,-11.3,9689.65,-0.12
2026-06-24,5,12.63,14.3,-1.67,9687.98,-0.02
2026-06-25,5,-2.85,12.63,-15.48,9672.5,-0.16
2026-06-29,5,-48.77,13.37,-62.14,9610.36,-0.64
2026-06-30,5,-5.39,13.78,-19.17,9591.19,-0.2
2026-07-01,5,0.0,14.27,-14.27,9576.92,-0.15
2026-07-02,5,16.34,14.21,2.13,9579.05,0.02
2026-07-03,5,0.0,14.33,-14.33,9564.72,-0.15
2026-07-06,5,-7.04,12.14,-19.18,9545.54,-0.2
2026-07-07,5,-0.23,13.49,-13.72,9531.82,-0.14
2026-07-08,5,0.0,13.5,-13.5,9518.32,-0.14
2026-07-09,5,0.0,14.05,-14.05,9504.27,-0.15
2026-07-10,5,2.1,12.84,-10.74,9493.53,-0.11
2026-07-13,5,-0.0,14.05,-14.05,9479.48,-0.15
2026-07-14,5,6.72,12.44,-5.72,9473.76,-0.06
2026-07-15,5,-0.16,13.8,-13.96,9459.8,-0.15
2026-07-16,5,2.0,14.28,-12.28,9447.52,-0.13
2026-07-17,5,-0.12,13.47,-13.59,9433.93,-0.14
2026-07-20,5,0.0,13.76,-13.76,9420.17,-0.15
2026-07-21,5,15.74,10.91,4.83,9425.0,0.05
2026-07-22,5,0.0,13.66,-13.66,9411.34,-0.14
2026-07-23,5,-65.36,13.55,-78.91,9332.43,-0.84
2026-07-24,5,1.38,12.95,-11.57,9320.86,-0.12
2026-07-27,5,-74.24,13.32,-87.56,9233.3,-0.94
2026-07-28,5,-5.4,13.63,-19.03,9214.27,-0.21
2026-07-29,5,9.58,10.78,-1.2,9213.07,-0.01
2026-07-30,5,-0.0,8.2,-8.2,9204.87,-0.09
2026-07-31,5,-8.1,13.04,-21.14,9183.73,-0.23
2026-08-03,5,0.0,12.99,-12.99,9170.74,-0.14
2026-08-04,5,-60.09,8.09,-68.18,9102.56,-0.74
2026-08-05,5,0.0,10.39,-10.39,9092.17,-0.11
2026-08-06,5,1.32,12.41,-11.09,9081.08,-0.12
2026-08-07,5,-1.0,13.6,-14.6,9066.48,-0.16
2026-08-10,5,7.62,13.14,-5.52,9060.96,-0.06
2026-08-11,5,0.0,13.07,-13.07,9047.89,-0.14
2026-08-12,5,0.0,13.69,-13.69,9034.2,-0.15
2026-08-13,5,0.0,12.7,-12.7,9021.5,-0.14
2026-08-14,5,0.0,9.96,-9.96,9011.54,-0.11
2026-08-17,5,-63.12,13.52,-76.64,8934.9,-0.85
2026-08-18,5,0.0,7.71,-7.71,8927.19,-0.09
2026-08-19,5,-0.0,13.5,-13.5,8913.69,-0.15
2026-08-20,5,0.0,13.51,-13.51,8900.18,-0.15
2026-08-21,5,-0.0,12.95,-12.95,8887.23,-0.15
2026-08-24,5,0.0,13.48,-13.48,8873.75,-0.15
2026-08-25,5,-59.71,10.65,-70.36,8803.39,-0.79
2026-08-26,5,0.0,13.11,-13.11,8790.28,-0.15
2026-08-27,5,0.0,12.56,-12.56,8777.72,-0.14
2026-08-28,5,0.0,13.24,-13.24,8764.48,-0.15
2026-08-31,5,0.0,13.19,-13.19,8751.29,-0.15
2026-09-01,5,0.0,11.99,-11.99,8739.3,-0.14
2026-09-02,5,0.0,13.22,-13.22,8726.08,-0.15
2026-09-03,5,31.5,13.27,18.23,8744.31,0.21
2026-09-04,5,0.0,13.04,-13.04,8731.27,-0.15
2026-09-07,5,4.59,11.97,-7.38,8723.89,-0.08
2026-09-08,5,0.0,12.13,-12.13,8711.76,-0.14
2026-09-09,5,0.0,12.92,-12.92,8698.84,-0.15
2026-09-10,5,0.0,12.82,-12.82,8686.02,-0.15
2026-09-11,5,-0.0,12.89,-12.89,8673.13,-0.15
2026-09-15,5,-0.0,13.18,-13.18,8659.95,-0.15
2026-09-16,5,-0.0,12.85,-12.85,8647.1,-0.15
2026-09-17,5,-6.42,9.02,-15.44,8631.66,-0.18
2026-09-18,5,-12.22,13.15,-25.37,8606.29,-0.29
2026-09-21,5,0.0,12.5,-12.5,8593.79,-0.15
2026-09-22,5,-11.7,12.82,-24.52,8569.27,-0.29
2026-09-23,5,-57.2,12.52,-69.72,8499.55,-0.81
2026-09-24,5,-130.06,12.44,-142.5,8357.05,-1.68
2026-09-25,5,0.0,12.49,-12.49,8344.56,-0.15
2026-09-28,5,-68.46,11.36,-79.82,8264.74,-0.96
2026-09-29,5,-39.19,10.65,-49.84,8214.9,-0.6
2026-09-30,5,0.0,12.4,-12.4,8202.5,-0.15
2026-10-01,5,-37.62,11.26,-48.88,8153.62,-0.6
2026-10-05,5,0.0,8.71,-8.71,8144.91,-0.11
2026-10-06,5,0.0,9.46,-9.46,8135.45,-0.12
2026-10-07,5,-0.0,11.8,-11.8,8123.65,-0.15
